size,simple,parallel
4096,0.1028,4.7328
16384,0.651,7.385600000000001
65536,2.0263999999999998,6.5762
262144,6.670799999999999,10.6106
1048576,28.5684,23.8674
4194304,82.4776,70.163
16777216,542.8394,278.58700000000005
67108864,1921.155,1209.8365999999999
268435456,5924.941,4540.7658
536870912,15198.690600000002,8274.9294
