threads,parallel
1,7274.171
2,5709.3952
3,5619.853000000001
4,5644.911
5,5702.2422
6,4434.0808
7,7185.143399999999
8,6091.632
