threads,parallel
1,1809.1524
2,1480.0128000000002
4,993.6136
6,983.1597999999999
8,744.3366
